{
  "camera_matrix": [[3117.29396903, 0.0, 973.05846833], [0.0, 3328.92815279, 607.88560312], [0.0, 0.0, 1.0]],
  "distortion_coefficients": [-0.34714972097878694, -0.059586848943437645, -0.01391551823348263, -0.01474238653270603, 0.7529371160283308]
}
